<Robot>
<KinBody name="youBot">
<Body name="root">

</Body>
<Body name="base" type="dynamic">
	<Translation>0.03 0 -0.127</Translation>
        <rotationaxis>0 0 1 -90</rotationaxis>
       <Geom type="trimesh" modifiable="true">
                <data>models/youbot/youBotBase.iv 1.0</data>
		<Render>models/youbot/youBotBase.iv 1.0</Render>
		<!--data>models/youbot/arm0.dae 1.0</data>
		<Render>models/youbot/arm0.dae 1.0</Render-->
	</Geom>
</Body>
<Body name="link1" type="dynamic">
        <Translation>0.024 0.0 0.096</Translation>
        <rotationaxis>1 0 0 90</rotationaxis>
        <!--rotationaxis>0 1 0 180 </rotationaxis-->
       <!--rotationmat>-0.98480775 -0.17364818 0 0.17364818 -0.98480775 0 0 0 1</rotationmat-->
	<Geom type="trimesh" modifiable="true">
		<data>models/youbot/arm1.dae 1.0</data>
                <Render>models/youbot/arm1.dae 1.0</Render>
	</Geom>
</Body>
<Body name="link2" type="dynamic">
        <!--Translation>0 0.033 0.1945</Translation-->
       <Translation>0.06 -0.033 0.1945</Translation>
        <rotationaxis>1 0 0 90</rotationaxis>
       <!--rotationaxis>0 1 0 180</rotationaxis-->
	<Geom type="trimesh" modifiable="true">
		<data>models/youbot/arm2.dae 1.0</data>
                <Render>models/youbot/arm2.dae 1.0</Render>
	</Geom>
</Body>
<Body name="link3" type="dynamic">
        <!--Translation>0 -0.0275 0.35</Translation-->
        <Translation>0.06 0.0275 0.35</Translation>
        <rotationaxis>1 0 0 90</rotationaxis>
        <!--rotationaxis>0 1 0 180</rotationaxis-->
	<Geom type="trimesh" modifiable="true">
		<data>models/youbot/arm3.dae 1.0</data>
		<Render>models/youbot/arm3.dae 1.0</Render>
	</Geom>
</Body>
<Body name="link4" type="dynamic">
        <!--Translation>0 0 0.44</Translation-->
         <Translation>0.06 -0.01 0.44</Translation>
         <rotationaxis>1 0 0 90</rotationaxis>       
	<!--rotationaxis>0 1 0 180</rotationaxis-->
	<Geom type="trimesh" modifiable="true">
		<data>models/youbot/arm4.dae 1.0</data>
                <Render>models/youbot/arm4.dae 1.0</Render>
	</Geom>
</Body>
<Body name="link5" type="dynamic">
        <Translation>0.06 0 0.505</Translation>
       <rotationaxis>1 0 0 90</rotationaxis>
       <!--rotationaxis>0 1 0 180</rotationaxis-->
	<Geom type="trimesh" modifiable="true">
		<data>models/youbot/arm5.dae 1.0</data>
        <Render>models/youbot/arm5.dae 1.0</Render>
	</Geom>
</Body>
<!--GRIPPER-->
<Body name="palm" type="dynamic">
    <Geom type="trimesh" modifiable="true">
      <Translation>0.06 0 0.535</Translation>
      <data>models/youbot/palm.dae 1.0</data>
      <Render>models/youbot/palm.dae 1.0</Render>
    </Geom>
  </Body>
  <Body name="leftgripper" type="dynamic">
    <offsetfrom>link5</offsetfrom>
    <Geom type="trimesh" modifiable="false">
      <Translation>0 0.075 0.007</Translation>
       <rotationaxis>1 0 0 -90</rotationaxis>
      <data>models/youbot/finger.dae 1.0</data>
      <Render>models/youbot/finger.dae 1.0</Render>
    </Geom>
  </Body>
  <Joint name="jg1" type="slider">
  <Body>link5</Body>
  <Body>leftgripper</Body>
  <offsetfrom>leftgripper</offsetfrom>
  <limits>0 .01</limits>
  <axis>0 0 1</axis>
  <maxvel>1</maxvel>
  <resolution>0.005</resolution>
  </Joint>
  <Body name="rightgripper" type="dynamic">
    <offsetfrom>link5</offsetfrom>	
    <Geom type="trimesh" modifiable="false">
      <Translation>0 0.075 -0.007</Translation>
       <rotationaxis>1 0 0 -90</rotationaxis>
       <rotationaxis>0 1 0 180</rotationaxis>
      <data>models/youbot/finger.dae 1.0</data>
      <Render>models/youbot/finger.dae 1.0</Render>
    </Geom>
  </Body>
 <Joint name="jg2" type="slider">
  <Body>link5</Body>
  <Body>rightgripper</Body>
  <offsetfrom>rightgripper</offsetfrom>
  <limits>0 .01</limits>
  <axis>0 0 -1</axis>
  <maxvel>1</maxvel>
  <resolution>0.005</resolution>
  </Joint>


<Joint name="dummy" type="hinge" enable="false">
	<Body>root</Body>
	<Body>base</Body>
	<limitsdeg>0 0</limitsdeg>
</Joint>
<joint name="dummyhand" type="hinge" enable="false">
     <body>link5</body>
     <body>palm</body>
     <limits>0 0</limits>
</joint>
<Joint name="j0" type="hinge">
	<Body>base</Body>
	<Body>link1</Body>
	<offsetfrom>link1</offsetfrom>
        <anchor>0 0 0</anchor>
	<axis>0 -1 0</axis>
	<limitsdeg>-160 160</limitsdeg>
	<maxvel>3</maxvel>
	<resolution>1</resolution>
</Joint>
<Joint name="j1" type="hinge">
	<Body>link2</Body>
	<Body>link1</Body>
	<offsetfrom>link1</offsetfrom>
	<Anchor>0.04  0.02 0</Anchor>
	<axis>0 0 1</axis>
	<limitsdeg>-45 90</limitsdeg>
	<maxvel>3</maxvel>
	<resolution>1</resolution>
</Joint>
<Joint name="j2" type="hinge">
	<Body>link3</Body>
	<Body>link2</Body>
	<offsetfrom>link2</offsetfrom>
	<!--Anchor>0.01  0.09 0</Anchor-->
    <Anchor>0  0.08 0</Anchor>
	<axis>0 0 1</axis>
	<limitsdeg>-90 90</limitsdeg>
	<maxvel>3</maxvel>
	<resolution>1</resolution>
</Joint>
<Joint name="j3" type="hinge">
	<Body>link4</Body>
	<Body>link3</Body>
	<offsetfrom>link3</offsetfrom>
	<Anchor>0 0.06 0</Anchor>
	<axis>0 0 1</axis>
	<limitsdeg>-120 120</limitsdeg>
	<maxvel>3</maxvel>
	<resolution>1</resolution>
</Joint>
<Joint name="j4" type="hinge">
	<Body>link5</Body>
        <Body>link4</Body>
	<offsetfrom>link4</offsetfrom>
	<Anchor>0 0 -0.01</Anchor>
	<axis>0 1 0</axis>
	<limitsdeg>-155 155</limitsdeg>
	<maxvel>3</maxvel>
	<resolution>1</resolution>
</Joint>
<adjacent>base link2</adjacent>
<adjacent>link3 link4</adjacent> 
<adjacent>link2 link3</adjacent> 
<adjacent>link2 link1</adjacent>
<adjacent>link4 link5</adjacent>
<adjacent>link5 palm</adjacent>  
<adjacent>base link2 link1 link3 link4 link5 palm leftgripper rightgripper</adjacent>
</KinBody>

<Manipulator name="arm">
    <Translation>0 0.08 0</Translation>
     <!--rotationaxis>0 1 0 90</rotationaxis-->
    <joints>jg1 jg2</joints>
    <closingdirection>-1 -1</closingdirection>
    <direction>1 0 0</direction>
    <effector>link5</effector>

    <base>root</base>
         
</Manipulator>



</Robot>
